City_ID,City,Lat,Lng,Max Temp,Humidity,Cloudiness,Wind Speed,Country,Date
0,chonchi,-42.6128,-73.8092,6.56,64,5,1.81,CL,1685205383
1,talnakh,69.4865,88.3972,5.67,99,87,4.51,RU,1685205383
2,runaway bay,18.4596,-77.3357,28.66,74,74,3.4,JM,1685205383
3,invercargill,-46.4,168.35,5.97,85,9,2.67,NZ,1685205117
4,petropavlovsk-kamchatsky,53.0452,158.6483,3.33,87,75,2.0,RU,1685205383
5,adamstown,-25.066,-130.1015,23.67,73,78,10.52,PN,1685205383
6,ribeira grande,38.5167,-28.7,20.22,60,75,8.49,PT,1685205383
7,waitangi,-43.9535,-176.5597,13.79,95,100,1.79,NZ,1685205384
8,amla,21.9333,78.1167,30.48,30,16,2.06,IN,1685205384
9,longyearbyen,78.2186,15.6401,-1.09,47,0,2.06,SJ,1685205384
10,turkmenbasy,40.0222,52.9552,24.43,60,0,3.09,TM,1685205384
11,avarua,-21.2078,-159.775,25.03,83,100,3.6,CK,1685205384
12,grytviken,-54.2811,-36.5092,2.35,93,46,4.38,GS,1685205384
13,tura,25.5198,90.2201,21.87,87,53,1.57,IN,1685205384
14,edinburgh of the seven seas,-37.0676,-12.3116,12.32,54,74,4.5,SH,1685205385
15,freetown,8.484,-13.2299,29.84,70,40,4.12,SL,1685205385
16,jiwani,25.05,61.7417,30.47,79,0,8.46,PK,1685205385
17,sake,-1.5736,29.045,17.71,94,100,1.39,CD,1685205385
18,antsiranana,-12.2787,49.2917,24.82,77,0,6.01,MG,1685205385
19,bredasdorp,-34.5322,20.0403,10.54,70,4,1.05,ZA,1685205386
20,puerto natales,-51.7236,-72.4875,6.25,52,75,11.83,CL,1685205386
21,vilyuysk,63.7553,121.6247,5.47,88,100,2.85,RU,1685205386
22,marsabit,2.3284,37.9899,20.43,57,90,9.35,KE,1685205386
23,jamestown,42.097,-79.2353,23.07,29,0,2.06,US,1685205157
24,blackmans bay,-43.0167,147.3167,12.63,75,100,0.83,AU,1685205386
25,margaret river,-33.95,115.0667,15.18,68,90,2.03,AU,1685205386
26,nago,26.5881,127.9761,24.24,93,87,6.14,JP,1685205387
27,alice springs,-23.7,133.8833,1.75,80,14,3.37,AU,1685205387
28,colonia,50.9333,6.95,25.13,29,0,2.06,DE,1685205387
29,umarizal,-5.9906,-37.8144,33.57,37,81,3.87,BR,1685205387
30,kavaratti,10.5669,72.642,30.13,66,2,5.84,IN,1685205387
31,katsuura,35.1333,140.3,18.0,75,90,4.3,JP,1685205387
32,hadibu,12.65,54.0333,30.01,74,46,3.05,YE,1685205387
33,tazovsky,67.4667,78.7,12.43,55,20,7.12,RU,1685205388
34,kuta,-8.7233,115.1723,25.97,78,20,5.81,ID,1685205388
35,saipan,15.1355,145.701,27.58,100,40,6.69,MP,1685205393
36,holualoa,19.6228,-155.9522,19.91,82,0,2.68,US,1685205393
37,alamosa,37.4695,-105.87,14.99,63,0,3.09,US,1685205393
38,turar ryskulov,42.5333,70.3333,16.25,43,16,3.63,KZ,1685205393
39,college,64.8569,-147.8028,11.72,71,40,2.06,US,1685205393
40,barra do bugres,-15.0725,-57.1811,33.04,38,41,2.26,BR,1685205394
41,pudozh,61.8099,36.5345,12.36,54,53,1.68,RU,1685205394
42,tiksi,71.6872,128.8694,2.28,98,100,7.78,RU,1685205394
43,bethel,41.3712,-73.414,26.05,38,0,0.89,US,1685205394
44,gurlan,41.8447,60.3919,26.95,13,100,3.41,UZ,1685205394
45,port saint john's,-31.6229,29.5448,17.82,83,0,4.8,ZA,1685205394
46,fortuna,40.5982,-124.1573,13.7,94,100,0.45,US,1685205395
47,dali,25.7,100.1833,16.39,64,0,2.75,CN,1685205395
48,lihue,21.9789,-159.3672,20.77,82,20,2.57,US,1685205145
49,mudgee,-32.5943,149.5871,0.99,94,4,1.15,AU,1685205168
50,qaqortoq,60.7167,-46.0333,3.1,72,100,1.96,GL,1685205395
51,kununurra,-15.7667,128.7333,11.99,66,5,0.0,AU,1685205395
52,umm kaddadah,13.6017,26.6876,36.26,21,32,3.15,SD,1685205395
53,mount pearl,47.5166,-52.7813,9.19,80,75,7.72,CA,1685205396
54,marrakesh,31.6315,-8.0083,23.04,46,75,3.6,MA,1685205396
55,zaozersk,69.4005,32.4476,8.22,38,93,2.86,RU,1685205396
56,port alfred,-33.5906,26.891,16.98,47,0,3.72,ZA,1685205396
57,antofagasta,-23.65,-70.4,21.65,62,59,3.91,CL,1685205396
58,shuangyashan,46.6361,131.1539,13.33,60,98,3.6,CN,1685205396
59,colon,9.3592,-79.9014,30.74,66,66,2.22,PA,1685205397
60,manhattan beach,33.8847,-118.4109,19.69,79,100,4.12,US,1685205397
61,albany,42.6001,-73.9662,24.02,33,1,0.89,US,1685205253
62,tanabe,33.7333,135.3667,16.34,91,53,2.85,JP,1685205397
63,port elizabeth,-33.918,25.5701,16.29,61,0,4.63,ZA,1685205363
64,arnedo,42.2167,-2.1,24.72,28,93,4.62,ES,1685205397
65,yellowknife,62.456,-114.3525,11.29,71,40,3.6,CA,1685205398
66,gisborne,-38.6533,178.0042,10.75,87,100,2.93,NZ,1685205398
67,punta arenas,-53.15,-70.9167,5.06,75,75,13.89,CL,1685205143
68,victoria point,-27.5833,153.3,12.75,93,0,2.86,AU,1685205398
69,lompoc,34.6391,-120.4579,15.01,85,0,3.6,US,1685205398
70,yuzhno-kurilsk,44.0306,145.8556,10.92,89,100,3.62,RU,1685205398
71,lebu,-37.6167,-73.65,10.35,60,13,6.18,CL,1685205398
72,taulaga,-11.0553,-171.0883,28.17,75,48,3.03,AS,1685205399
73,auki,-8.7676,160.7034,24.99,90,88,1.86,SB,1685205399
74,imperatriz,-5.5264,-47.4917,33.03,58,40,3.6,BR,1685205399
75,hauterive,46.0901,3.4459,26.42,54,15,2.59,FR,1685205399
76,barcelos,41.5388,-8.6151,19.36,92,100,1.29,PT,1685205115
77,kawardha,22.0167,81.25,31.77,29,45,1.89,IN,1685205399
78,sao jose da coroa grande,-8.8978,-35.1478,27.37,76,49,3.78,BR,1685205399
79,chikola,43.1906,43.9209,18.47,89,71,1.17,RU,1685205400
80,lib,8.3122,167.3766,27.93,75,96,7.36,MH,1685205400
81,punta alta,-38.8759,-62.0736,11.15,34,0,4.83,AR,1685205400
82,puerto ayora,-0.7393,-90.3518,29.98,93,65,4.02,EC,1685205400
83,thompson,55.7435,-97.8558,11.09,82,75,0.0,CA,1685205400
84,port-aux-francais,-49.35,70.2167,7.0,88,83,14.19,TF,1685205400
85,china,25.7,-99.2333,30.54,51,93,6.27,MX,1685205401
86,haikou,20.0458,110.3417,27.07,94,20,1.0,CN,1685205401
87,susuman,62.7833,148.1667,0.02,76,4,1.35,RU,1685205401
88,keflavik,64.0049,-22.5624,7.95,61,75,7.2,IS,1685205401
89,pizarro,4.9533,-77.366,29.32,70,69,1.56,CO,1685205401
90,saint-pierre,-21.3393,55.4781,22.82,88,75,7.2,RE,1685205401
91,xiazhen,34.8022,117.1117,22.4,87,99,1.96,CN,1685205402
92,west island,-12.1568,96.8225,26.99,78,40,5.66,CC,1685205255
93,tocache,-8.1842,-76.5125,28.91,66,91,0.41,PE,1685205402
94,papatowai,-46.5619,169.4708,7.4,80,0,2.03,NZ,1685205402
95,sirur,18.8333,74.3833,27.79,55,65,7.87,IN,1685205402
96,georgetown,5.4112,100.3354,28.86,80,20,0.51,MY,1685205181
97,isola di capo rizzuto,38.96,17.0933,24.41,53,20,4.63,IT,1685205403
98,tateyama,34.9833,139.8667,18.63,72,70,4.39,JP,1685205403
99,badger,64.8,-147.5333,11.67,77,0,2.06,US,1685205403
100,as sulayyil,20.4607,45.5779,38.14,24,49,5.72,SA,1685205403
101,vorkuta,67.5,64.0,13.25,56,100,4.78,RU,1685205403
102,hawaiian paradise park,19.5933,-154.9731,20.57,89,75,3.09,US,1685205403
103,bilibino,68.0546,166.4372,3.98,62,8,1.88,RU,1685205403
104,priyutovo,53.9,53.9333,19.63,53,94,3.27,RU,1685205404
105,kapuskasing,49.4169,-82.4331,27.05,24,0,4.63,CA,1685205404
106,solikamsk,59.6196,56.7729,16.67,87,100,2.77,RU,1685205143
107,ushuaia,-54.8,-68.3,5.79,81,40,13.89,AR,1685205404
108,port hedland,-20.3167,118.5667,19.03,32,35,3.6,AU,1685205404
109,prata,-19.3072,-48.9242,29.69,33,15,1.55,BR,1685205404
110,pratt,37.6439,-98.7376,24.31,53,75,5.14,US,1685205404
111,port augusta,-32.5,137.7667,13.52,69,97,3.2,AU,1685205405
112,san patricio,28.017,-97.5169,31.04,48,63,5.18,US,1685205405
113,kodiak,57.79,-152.4072,6.73,93,100,3.6,US,1685205405
114,la passe,45.5549,-0.8967,30.13,63,4,4.67,FR,1685205405
115,whitehorse,60.7161,-135.0538,6.72,51,75,5.66,CA,1685205405
116,merizo village,13.2658,144.6691,26.86,84,100,6.56,GU,1685205405
117,hovd,48.0056,91.6419,11.42,48,43,0.82,MN,1685205405
118,ust-nera,64.5667,143.2,2.14,77,45,0.96,RU,1685205406
119,nova sintra,14.8667,-24.7167,21.58,81,100,5.34,CV,1685205406
120,mejit,10.2753,170.8646,27.1,80,100,7.13,MH,1685205406
121,hotan,37.0997,79.9269,16.21,50,69,2.27,CN,1685205406
122,praia da vitoria,38.7333,-27.0667,19.14,72,40,8.21,PT,1685205406
123,cill airne,52.05,-9.5167,20.03,73,20,4.12,IE,1685205406
124,wailua homesteads,22.0669,-159.378,20.44,82,20,2.57,US,1685205407
125,hamilton,39.1834,-84.5333,24.67,45,0,4.12,US,1685205134
126,petauke,-14.2426,31.3253,19.01,45,4,3.54,ZM,1685205407
127,midvagur,62.0511,-7.1939,9.46,76,75,11.32,FO,1685205407
128,wuhai,39.6647,106.8122,21.18,40,99,3.78,CN,1685205407
129,trevelin,-43.0858,-71.4639,1.47,72,7,0.2,AR,1685205407
130,weno,7.4515,151.8468,26.97,89,100,2.57,FM,1685205407
131,mostar,43.3433,17.8081,26.9,36,20,5.14,BA,1685205408
132,prado,-17.3411,-39.2208,26.4,64,51,3.58,BR,1685205408
133,ballasalla,54.0959,-4.6296,17.89,55,0,4.63,IM,1685205408
134,coquimbo,-29.9533,-71.3436,17.85,67,0,4.63,CL,1685205408
135,tazacorte,28.629,-17.9293,23.54,74,20,4.02,ES,1685205408
136,vorgashor,67.5833,63.95,12.54,56,100,5.3,RU,1685205408
137,stratford,41.1845,-73.1332,25.47,46,0,3.09,US,1685205133
138,shihezi,44.3,86.0333,21.46,28,99,2.62,CN,1685205408
139,bandarbeyla,9.4942,50.8122,28.14,78,57,9.99,SO,1685205409
140,nogliki,51.8333,143.1667,3.45,97,92,2.45,RU,1685205409
141,isafjordur,66.0755,-23.124,9.02,43,0,4.63,IS,1685205409
142,port mathurin,-19.6833,63.4167,25.47,71,47,10.11,MU,1685205409
143,new norfolk,-42.7826,147.0587,13.29,71,97,0.89,AU,1685205409
144,belmonte,-15.8631,-38.8828,25.54,74,51,4.16,BR,1685205409
145,queenstown,-31.8976,26.8753,10.17,25,0,2.15,ZA,1685205410
146,fale old settlement,-9.3852,-171.2468,28.57,75,20,4.65,TK,1685205410
147,noshiro,40.2039,140.0242,15.4,80,100,1.34,JP,1685205410
148,nar'yan-mar,67.6713,53.087,12.07,49,84,5.24,RU,1685205200
149,west bay,19.3667,-81.4167,31.04,72,20,3.13,KY,1685205410
150,bernardo de irigoyen,-26.2552,-53.6458,17.02,96,98,2.09,AR,1685205410
151,stanley,54.868,-1.6985,19.77,54,20,4.63,GB,1685205410
152,lorengau,-2.0226,147.2712,27.76,80,77,4.05,PG,1685205410
153,la gi,10.6667,107.7833,26.74,85,99,3.47,VN,1685205411
154,namibe,-15.1961,12.1522,20.93,72,7,5.43,AO,1685205411
155,constantia,44.1833,28.65,18.38,86,100,4.18,RO,1685205411
156,sao vicente,-23.9631,-46.3919,31.98,40,0,1.34,BR,1685205411
157,east ballina,-28.8667,153.5833,9.89,90,10,3.87,AU,1685205411
158,tambopata,-12.7333,-69.1833,29.94,66,75,2.06,PE,1685205411
159,dudinka,69.4058,86.1778,5.9,87,26,7.3,RU,1685205145
160,arraial do cabo,-22.9661,-42.0278,26.98,65,0,7.2,BR,1685205412
161,fallon,39.4735,-118.7774,18.29,60,75,2.57,US,1685205412
162,hermanus,-34.4187,19.2345,11.0,62,5,4.19,ZA,1685205412
163,brandon,27.9378,-82.2859,27.8,69,0,2.57,US,1685205394
164,scottburgh,-30.2867,30.7532,19.67,81,36,5.48,ZA,1685205412
165,jacobina,-11.1806,-40.5183,25.91,60,97,3.81,BR,1685205412
166,deta,45.3889,21.2244,20.0,81,14,4.14,RO,1685205412
167,grand gaube,-20.0064,57.6608,24.22,75,11,1.34,MU,1685205413
168,selfoss,63.9331,-20.9971,8.91,57,9,6.67,IS,1685205126
169,kerikeri,-35.2268,173.9474,17.17,89,87,1.79,NZ,1685205413
170,remire-montjoly,4.9167,-52.2667,32.02,62,75,4.12,GF,1685205413
171,greenville,35.6127,-77.3663,17.02,97,100,4.12,US,1685205313
172,nadym,65.5333,72.5167,15.28,77,99,8.93,RU,1685205413
173,olonkinbyen,70.9221,-8.7187,-0.32,78,100,8.59,SJ,1685205413
174,eduardo castex,-35.915,-64.2945,12.74,17,0,4.54,AR,1685205414
175,cheremukhovo,60.3484,59.9851,17.95,66,100,2.08,RU,1685205414
176,east london,-33.0153,27.9116,17.52,77,0,3.09,ZA,1685205414
177,i-n-salah,27.1935,2.4607,37.21,10,100,2.5,DZ,1685205414
178,valparaiso,-33.0393,-71.6273,17.8,65,0,3.09,CL,1685205414
179,mili,6.0815,171.735,27.8,76,100,8.65,MH,1685205414
180,manismata,-2.4667,111.0333,23.67,99,91,1.12,ID,1685205414
181,andergrove,-21.0833,149.1833,15.77,56,0,4.35,AU,1685205415
182,ajaccio,42.0,8.9167,22.03,72,0,4.63,FR,1685205415
183,ilulissat,69.2167,-51.1,2.01,87,75,7.2,GL,1685205415
184,gumia,23.7833,85.8167,31.48,33,0,0.63,IN,1685205415
185,utrik,11.2278,169.8474,27.55,76,100,6.98,MH,1685205415
186,nikolayevsk-on-amure,53.1406,140.73,0.65,95,57,2.07,RU,1685205325
187,maxixe,-23.8597,35.3472,22.9,68,40,0.0,MZ,1685205415
188,margate,51.3813,1.3862,13.72,71,5,3.58,GB,1685205271
189,rantauprapat,2.1,99.8333,23.44,98,86,1.06,ID,1685205416
190,trincomalee,8.5711,81.2335,28.26,80,63,5.77,LK,1685205416
191,rongelap,11.1635,166.8941,27.79,75,100,7.62,MH,1685205416
192,cabo san lucas,22.8909,-109.9124,29.23,65,40,7.72,MX,1685205416
193,porto novo,6.4965,2.6036,25.9,77,100,3.98,BJ,1685205416
194,ciudad lazaro cardenas,17.9583,-102.2,32.46,55,7,3.1,MX,1685205123
195,coruripe,-10.1256,-36.1756,27.17,77,12,4.39,BR,1685205417
196,mirny,62.5353,113.9611,7.91,65,90,3.13,RU,1685205417
197,mersa matruh,31.3525,27.2453,22.11,83,40,8.75,EG,1685205417
198,kingston,17.997,-76.7936,31.25,72,40,7.2,JM,1685205327
199,maintirano,-18.0667,44.0167,24.21,78,3,3.75,MG,1685205417
200,ryotsu-minato,38.0833,138.4333,17.73,86,100,0.96,JP,1685205417
201,montes claros,-16.735,-43.8617,26.88,39,20,2.06,BR,1685205417
202,sitka,57.0531,-135.33,8.94,71,100,5.14,US,1685205418
203,changling,44.2653,124.0005,16.84,83,99,3.3,CN,1685205418
204,vallegrande,-18.4897,-64.1069,20.15,66,98,1.75,BO,1685205418
205,tarawa,1.419,172.984,27.05,83,40,1.03,KI,1685205418
206,kailashahar,24.3333,92.0167,22.6,91,63,0.96,IN,1685205418
207,bikenibeu village,1.3673,173.1241,26.98,83,40,1.03,KI,1685205418
208,iqaluit,63.7506,-68.5145,-4.15,73,75,2.57,CA,1685205419
209,homer,59.6425,-151.5483,9.33,62,100,2.06,US,1685205419
210,tangalle,6.024,80.7911,27.23,83,67,6.04,LK,1685205419
211,houma,29.5958,-90.7195,28.0,68,0,3.13,US,1685205419
212,shache,38.4167,77.2406,22.62,24,100,3.77,CN,1685205419
213,arteche,12.2645,125.4048,26.53,81,100,4.83,PH,1685205419
214,slave lake,55.2834,-114.769,19.99,45,0,5.66,CA,1685205420
215,nemuro,43.3236,145.575,9.5,90,100,5.91,JP,1685205420
216,nadi,-17.8,177.4167,21.0,88,20,2.57,FJ,1685205420
217,smara,26.7384,-11.6719,28.39,23,57,4.79,EH,1685205420
218,klyuchi,52.2667,79.1667,9.19,52,21,2.69,RU,1685205420
219,solnechnyy,50.7214,136.6319,7.2,92,98,2.09,RU,1685205420
220,vilyuchinsk,52.9306,158.4028,4.15,82,98,0.79,RU,1685205421
221,vievis,54.7667,24.8,15.31,58,48,3.07,LT,1685205421
222,chernyshevskiy,63.0128,112.4714,6.65,79,91,1.66,RU,1685205421
223,kirsanov,52.6549,42.7224,16.49,96,100,5.82,RU,1685205421
224,zholymbet,51.7433,71.7122,13.28,38,27,3.47,KZ,1685205421
225,anadyr,64.75,177.4833,1.28,93,0,1.0,RU,1685205422
226,ikalamavony,-21.15,46.5833,17.05,80,30,2.93,MG,1685205422
227,boa esperanca do sul,-21.9925,-48.3908,28.63,38,26,3.36,BR,1685205422
228,verdal,63.7933,11.4817,12.02,89,100,2.57,NO,1685205422
229,hammerfest,70.6634,23.6821,5.25,52,20,1.54,NO,1685205422
230,la'ie,21.6477,-157.9253,23.98,74,0,0.89,US,1685205422
231,alaghsas,17.0187,8.0168,43.94,15,0,2.06,NE,1685205423
232,murzuq,25.9155,13.9184,28.38,21,0,5.81,LY,1685205423
233,vung tau,10.346,107.0843,27.48,80,100,4.49,VN,1685205423
234,beidaihehaibin,39.8222,119.5181,14.92,88,100,2.59,CN,1685205423
235,darya khan marri,26.6775,68.2859,36.88,24,64,4.94,PK,1685205423
236,akureyri,65.6835,-18.0878,8.96,29,0,3.6,IS,1685205423
237,grand island,40.925,-98.342,24.05,40,0,7.72,US,1685205424
238,wotje,9.4543,170.2367,27.42,78,100,6.78,MH,1685205424
239,ayacucho,-13.1583,-74.2239,18.92,45,75,1.54,PE,1685205424
240,peniche,39.3558,-9.3811,23.38,69,54,3.4,PT,1685205424
241,usak,38.5,29.4167,14.45,75,84,0.68,TR,1685205236
242,howrah,22.5892,88.3103,28.0,89,20,1.54,IN,1685205424
243,san antonio de pale,-1.4014,5.6325,26.18,82,100,6.94,GQ,1685205424
244,ashmyany,54.425,25.9378,15.0,62,42,2.72,BY,1685205425
245,banjarmasin,-3.3244,114.591,26.08,95,69,1.66,ID,1685205242
246,wynyard,-41.0,145.7167,11.05,92,92,2.83,AU,1685205425
247,hanceville,34.0607,-86.7675,23.62,47,21,2.44,US,1685205425
248,irati,-25.4672,-50.6511,21.0,69,91,1.7,BR,1685205425
249,takoradi,4.8845,-1.7554,27.99,81,99,5.2,GH,1685205430
250,palmer,42.1584,-72.3287,25.69,32,20,2.57,US,1685205203
251,guerrero negro,27.9769,-114.0611,18.38,65,20,9.18,MX,1685205431
252,robstown,27.7903,-97.6689,30.94,60,40,4.12,US,1685205431
253,borogontsy,62.6683,131.1683,1.47,76,14,1.95,RU,1685205431
254,port-cartier,50.0334,-66.8654,22.12,43,17,3.68,CA,1685205431
255,roma,43.2128,-75.4557,24.97,36,0,2.06,US,1685205431
256,san blas,21.5167,-105.2667,32.94,49,1,2.76,MX,1685205431
257,udachny,66.4167,112.4,10.25,61,90,3.11,RU,1685205432
258,yeniseysk,58.4497,92.1703,7.29,74,90,1.98,RU,1685205432
259,sao gabriel da cachoeira,-0.1303,-67.0892,26.89,94,40,1.54,BR,1685205432
260,jaciara,-15.9653,-54.9683,33.62,30,20,1.93,BR,1685205432
261,atafu village,-8.5421,-172.5159,28.47,75,26,4.86,TK,1685205432
262,twentynine palms,34.1356,-116.0542,26.7,33,0,1.79,US,1685205250
263,swan hill,-35.3378,143.5544,9.48,79,97,3.29,AU,1685205232
264,neijiang,29.5835,105.0622,21.31,91,97,1.27,CN,1685205303
265,nova vicosa,-17.8919,-39.3719,24.95,71,29,3.26,BR,1685205433
266,sao paulo de olivenca,-3.3783,-68.8725,27.3,92,79,0.94,BR,1685205433
267,muli,2.9167,73.5667,29.16,72,99,4.03,MV,1685205433
268,ad dawadimi,24.5077,44.3924,34.64,11,0,1.84,SA,1685205433
269,la sarre,48.8002,-79.1996,23.22,40,36,5.53,CA,1685205433
270,newman,37.3138,-121.0208,19.57,70,1,0.81,US,1685205433
271,taroa,8.7058,171.2275,27.41,80,100,6.93,MH,1685205434
272,sandnessjoen,66.0217,12.6316,9.8,93,100,2.68,NO,1685205434
273,xinxiang,35.3089,113.8672,17.57,90,100,3.37,CN,1685205434
274,vrangel',42.7297,133.0839,12.07,98,100,1.25,RU,1685205434
275,iturama,-19.7281,-50.1956,29.77,36,11,1.53,BR,1685205434
276,nzega,-2.479,29.5564,13.64,90,99,1.07,RW,1685205434
277,nieuw amsterdam,5.8833,-55.0833,32.01,55,40,4.12,SR,1685205435
278,taldom,56.7333,37.5333,16.49,52,77,2.86,RU,1685205435
279,ad dilam,23.9915,47.1627,40.23,15,7,1.62,SA,1685205435
280,gunnison,38.7,-107.0673,15.44,24,0,2.35,US,1685205435
281,muravlenko,63.7898,74.523,15.76,59,18,3.65,RU,1685205435
282,mariehamn,60.0973,19.9348,11.92,66,0,6.69,AX,1685205435
283,maragogi,-9.0122,-35.2225,27.31,76,36,3.85,BR,1685205436
284,nongpoh,25.9,91.8833,21.76,93,7,1.36,IN,1685205436
285,tomatlan,19.9333,-105.25,34.3,35,1,2.49,MX,1685205436
286,pisco,-13.7,-76.2167,22.03,73,0,3.6,PE,1685205436
287,ghanzi,-21.5667,21.7833,22.76,27,3,2.92,BW,1685205436
288,ordynskoye,54.3656,81.8994,8.6,69,49,3.77,RU,1685205436
289,nizhneangarsk,55.7833,109.55,3.33,68,100,0.92,RU,1685205437
290,ilhabela,-23.7781,-45.3581,26.39,58,37,2.29,BR,1685205437
291,penzance,50.1186,-5.5371,18.62,68,0,2.57,GB,1685205437
292,ceeldheer,3.8488,47.1806,27.44,64,52,7.41,SO,1685205437
293,tamandare,-8.7597,-35.1047,27.51,75,60,3.8,BR,1685205437
294,iskateley,67.6803,53.1512,12.1,48,83,5.24,RU,1685205437
295,bandon,51.7469,-8.7425,19.77,76,68,3.11,IE,1685205438
296,totness,5.8833,-56.3167,29.32,70,98,3.58,SR,1685205438
297,lagunas,-5.2269,-75.6753,30.52,63,98,0.91,PE,1685205438
298,ts'nori,41.6209,45.9694,22.27,55,29,2.93,GE,1685205438
299,jishui,33.7333,115.4,20.03,89,68,4.07,CN,1685205438
300,labrador city,52.9463,-66.9114,16.95,31,0,1.03,CA,1685205438
301,coihueco,-36.6167,-71.8333,7.41,71,0,3.6,CL,1685205439
302,bishkek,42.87,74.59,16.11,60,52,3.63,KG,1685205439
303,aykhal,66.0,111.5,4.91,90,83,2.65,RU,1685205439
304,kailua-kona,19.6406,-155.9956,21.98,82,0,2.68,US,1685205406
305,gornopravdinsk,60.05,69.9,11.2,96,99,2.2,RU,1685205439
306,akobo,7.4344,3.9497,25.75,83,40,2.06,NG,1685205439
307,st. john's,47.5649,-52.7093,9.66,80,75,7.72,CA,1685205440
308,shenjiamen,29.9576,122.298,20.65,89,99,7.86,CN,1685205440
309,santa cruz,-17.8,-63.1667,29.03,70,40,7.72,BO,1685205299
310,chaumont,48.1167,5.1333,20.75,78,6,3.81,FR,1685205440
311,qamdo,31.1667,97.2333,5.88,44,0,2.86,CN,1685205440
312,kem',64.9555,34.5793,10.16,47,95,3.15,RU,1685205440
313,camana,-16.6228,-72.7111,20.99,77,100,3.82,PE,1685205440
314,gizo,-8.103,156.8419,26.9,81,87,2.34,SB,1685205441
315,hilo,19.7297,-155.09,24.04,91,75,3.09,US,1685205421
316,shumikha,55.2261,63.2961,20.47,51,91,2.04,RU,1685205441
317,ta`u,-14.2336,-169.5144,27.91,78,100,4.98,AS,1685205441
318,erdenet,49.0333,104.0833,3.1,71,3,0.9,MN,1685205441
319,shiqian,27.5225,108.2281,23.85,89,34,1.4,CN,1685205441
320,yoko,5.5333,12.3167,21.94,92,89,2.07,CM,1685205442
321,port lincoln,-34.7333,135.8667,14.83,77,100,7.68,AU,1685205142
322,onega,63.9061,38.1404,10.09,48,0,1.67,RU,1685205442
323,dhidhdhoo,6.8833,73.1,29.35,75,10,6.46,MV,1685205442
324,sao tome,0.3365,6.7273,27.13,82,100,4.73,ST,1685205442
325,ornskoldsvik,63.2909,18.7153,9.53,66,0,6.17,SE,1685205442
326,yambio,4.5721,28.3955,22.73,84,88,1.31,SS,1685205442
327,al jawf,29.5,38.75,29.98,22,100,11.32,SA,1685205443
328,aasiaat,68.7098,-52.8699,-1.8,81,98,10.95,GL,1685205443
329,okhotsk,59.3833,143.3,7.09,58,100,2.68,RU,1685205443
330,taber,49.8167,-112.1518,16.0,88,100,1.54,CA,1685205443
331,uturoa,-16.7333,-151.4333,27.43,74,98,9.84,PF,1685205443
332,ketchikan,55.3422,-131.6461,11.26,62,75,1.54,US,1685205443
333,ilfracombe,51.2093,-4.1134,17.4,67,29,2.02,GB,1685205443
334,hirekerur,14.4667,75.3833,24.63,73,7,4.94,IN,1685205444
335,perevolotskiy,51.8763,54.1938,21.56,41,78,2.53,RU,1685205444
336,portmore,17.9702,-76.8672,31.7,72,40,7.2,JM,1685205444
337,nouadhibou,20.931,-17.0347,25.99,61,0,5.66,MR,1685205444
338,mitu,1.1983,-70.1733,26.04,92,99,0.61,CO,1685205444
339,mar del plata,-38.0023,-57.5575,14.49,55,40,7.2,AR,1685205444
340,portland,45.5234,-122.6762,17.77,74,100,0.89,US,1685205291
341,humaita,-7.5061,-63.0208,34.53,42,80,2.12,BR,1685205445
342,trondheim,63.4305,10.3951,12.03,75,100,2.44,NO,1685205431
343,long beach,33.767,-118.1892,19.43,78,100,4.12,US,1685205269
344,puerto maldonado,-12.6,-69.1833,30.22,66,75,2.06,PE,1685205445
345,thief river falls,48.1191,-96.1812,27.53,25,0,9.77,US,1685205446
346,minab,27.1467,57.0801,31.67,53,0,4.67,IR,1685205446
347,almeirim,-1.5233,-52.5817,29.64,68,79,2.23,BR,1685205446
348,devnya,43.2222,27.5694,18.99,84,91,3.71,BG,1685205446
349,acajutla,13.5928,-89.8275,30.83,59,87,3.01,SV,1685205446
350,codrington,-38.2667,141.9667,11.7,94,100,6.65,AU,1685205446
351,rudnyy,52.9594,63.1206,20.13,35,80,2.86,KZ,1685205447
352,colonia menno,-22.3667,-59.8167,30.58,53,72,4.46,PY,1685205447
353,tual,-5.6667,132.75,27.35,78,77,8.49,ID,1685205447
354,kelibia,36.8476,11.0939,26.14,44,0,3.09,TN,1685205447
355,lethem,3.3803,-59.7968,32.07,56,55,2.98,GY,1685205447
356,vadso,70.0744,29.7487,7.49,42,20,2.57,NO,1685205447
357,kone,-21.0595,164.8658,17.68,73,0,0.77,NC,1685205448
358,yerofey pavlovich,53.9667,121.9667,2.48,88,84,2.46,RU,1685205326
359,villa luvianos,18.9167,-100.4,26.85,43,8,1.7,MX,1685205448
360,knyaze-volkonskoye,48.4642,135.4567,10.19,52,100,2.82,RU,1685205448
361,revda,56.801,59.9303,17.8,63,87,1.96,RU,1685205448
362,tubarjal,30.4999,38.216,31.26,19,100,9.46,SA,1685205448
363,vyshniy volochek,57.5913,34.5645,10.5,63,47,4.2,RU,1685205448
364,al qusayr,34.5091,36.5798,27.01,29,100,0.9,SY,1685205449
365,port macquarie,-31.4333,152.9167,6.61,74,0,2.82,AU,1685205235
366,boa vista,2.8197,-60.6733,30.99,62,40,2.57,BR,1685205449
367,yermakovskoye,53.2831,92.4003,6.55,69,60,0.82,RU,1685205449
368,mandal,25.45,74.5667,30.03,44,14,5.1,IN,1685205449
369,dwarka,22.2394,68.9678,28.33,87,5,9.02,IN,1685205449
370,tumut,-35.3,148.2167,4.12,77,62,2.16,AU,1685205449
371,waingapu,-9.6567,120.2641,22.76,79,3,3.75,ID,1685205450
372,cooper's town,26.8667,-77.5167,26.0,68,4,2.21,BS,1685205450
373,el matama,16.7095,33.3565,39.84,11,0,3.15,SD,1685205455
374,acarau,-2.8856,-40.12,28.4,76,64,6.2,BR,1685205455
375,suhbaatar,50.2314,106.2078,7.03,55,53,2.2,MN,1685205455
376,cabedelo,-6.9811,-34.8339,30.37,69,67,4.96,BR,1685205455
377,kenai,60.5544,-151.2583,9.46,63,100,6.69,US,1685205456
378,luderitz,-26.6481,15.1594,12.55,81,0,3.97,NA,1685205456
379,arroyo,41.6096,-4.7969,23.66,63,40,7.2,ES,1685205456
380,furmanov,57.2508,41.1058,14.51,79,74,3.82,RU,1685205456
381,mazagao,-0.115,-51.2894,29.03,92,94,2.76,BR,1685205456
382,santo tome,-31.6627,-60.7653,18.92,42,6,6.71,AR,1685205456
383,xai-xai,-25.0519,33.6442,21.98,86,100,0.78,MZ,1685205456
384,luwuk,-0.9516,122.7875,24.65,88,64,0.92,ID,1685205457
385,kabanjahe,3.1001,98.4908,16.6,97,63,1.39,ID,1685205457
386,mesquite,32.7668,-96.5992,28.69,54,0,0.89,US,1685205457
387,castres,43.5833,2.1667,28.56,53,18,0.0,FR,1685205457
388,novoselitskoye,44.7508,43.4369,19.73,73,70,1.64,RU,1685205457
389,laojunmiao,39.8333,97.7333,13.29,34,100,4.79,CN,1685205457
390,cidreira,-30.1811,-50.2056,20.69,90,100,5.55,BR,1685205458
391,gannan,47.9147,123.5031,11.12,43,5,3.21,CN,1685205458
392,sokcho,38.2083,128.5911,16.34,100,100,1.03,KR,1685205458
393,paraparaumu,-40.9167,175.0167,13.47,84,68,3.22,NZ,1685205458
394,la tuque,47.4334,-72.7824,24.14,27,73,2.06,CA,1685205458
395,acapulco de juarez,16.8634,-99.8901,32.9,46,20,1.54,MX,1685205427
396,minas de marcona,-15.2119,-75.1103,18.71,66,100,5.78,PE,1685205458
397,colatina,-19.5394,-40.6306,29.37,41,0,0.34,BR,1685205326
398,alta,69.9689,23.2717,6.59,45,80,3.6,NO,1685205459
399,kesinga,20.2,83.2333,33.7,23,57,1.56,IN,1685205459
400,assab,13.0092,42.7394,31.18,70,23,8.37,ER,1685205459
401,vila do maio,15.1333,-23.2167,28.44,84,84,6.12,CV,1685205459
402,khatima,28.9167,79.9667,26.26,44,18,2.22,IN,1685205459
403,papao,-17.75,-149.55,24.82,74,25,10.45,PF,1685205460
404,sittwe,20.15,92.9,28.64,81,2,2.67,MM,1685205460
405,warrenton,-28.114,24.8475,17.12,24,33,3.26,ZA,1685205460
406,pathein,16.7833,94.7333,27.94,82,63,3.28,MM,1685205460
407,funtua,11.5233,7.3081,33.17,36,72,3.7,NG,1685205460
408,torghay,49.6339,63.4981,19.92,34,1,3.28,KZ,1685205460
409,lerwick,60.1545,-1.1494,11.0,74,23,12.48,GB,1685205461
410,callao,-12.0667,-77.15,23.73,68,100,4.12,PE,1685205461
411,al fulah,11.7329,28.3579,35.52,23,38,3.19,SD,1685205461
412,flin flon,54.7682,-101.865,9.91,100,75,1.54,CA,1685205461
413,nabire,-3.3667,135.4833,24.49,94,98,1.85,ID,1685205461
414,manaure,11.7751,-72.4445,31.11,63,82,4.28,CO,1685205461
415,daru,-9.0763,143.2092,25.81,81,94,5.44,PG,1685205461
416,limoux,42.9167,2.1667,26.19,86,66,2.79,FR,1685205462
417,karratha,-20.7377,116.8463,21.14,33,91,4.88,AU,1685205462
418,peshtera,42.0333,24.3,22.31,86,73,0.73,BG,1685205462
419,chahal guatemala,15.75,-89.5667,31.89,44,97,2.15,GT,1685205462
420,emkhomazi,-30.2067,30.7978,19.6,82,26,5.36,ZA,1685205462
421,tsetserleg,47.475,101.4542,2.38,83,41,0.74,MN,1685205462
422,taipei,25.0478,121.5319,26.14,71,20,5.14,TW,1685205190
423,pedro ii,-4.4247,-41.4586,26.79,57,78,2.72,BR,1685205463
424,banket,-17.3833,30.4,17.5,37,0,3.22,ZW,1685205463
425,tromso,69.6496,18.957,7.01,53,40,4.12,NO,1685205463
426,girvan,55.2426,-4.8555,15.0,72,97,5.59,GB,1685205463
427,oshakati,-17.7833,15.6833,31.01,28,46,2.7,NA,1685205463
428,culiacan,24.7994,-107.3897,28.82,39,20,3.09,MX,1685205251
429,laguna,38.421,-121.4238,18.9,73,0,4.63,US,1685205463
430,gamba,-2.65,10.0,25.41,84,100,3.84,GA,1685205464
431,rikaze,29.25,88.8833,9.5,41,43,3.14,CN,1685205464
432,cannonvale,-20.2833,148.7,18.66,75,1,3.89,AU,1685205464
433,kamyzyak,46.11,48.0736,26.68,41,20,1.0,RU,1685205464
434,atar,20.5169,-13.0499,33.82,33,97,4.62,MR,1685205464
435,san cristobal,7.7669,-72.225,27.1,44,59,2.25,VE,1685205464
436,extrema,-22.8547,-46.3183,24.24,45,34,3.21,BR,1685205465
437,la ronge,55.1001,-105.2842,12.12,87,40,3.09,CA,1685205465
438,strezhevoy,60.7333,77.5889,14.16,43,16,3.64,RU,1685205465
439,roccella ionica,38.322,16.4009,20.52,79,92,3.5,IT,1685205465
440,santa barbara,34.7333,-120.0343,15.55,80,100,2.06,US,1685205365
441,orcopampa,-15.2661,-72.3417,12.51,54,100,2.53,PE,1685205465
442,kulhudhuffushi,6.6221,73.07,29.39,74,9,6.11,MV,1685205465
443,takai,11.5833,9.1167,38.95,22,49,4.06,NG,1685205465
444,guiberoua,6.2392,-6.1727,30.91,64,98,0.66,CI,1685205466
445,nizhnesortymskiy,62.4397,71.7603,12.93,81,73,4.35,RU,1685205466
446,morden,49.1919,-98.1014,25.05,43,81,2.57,CA,1685205466
447,mumford,5.2618,-0.759,28.22,81,100,5.46,GH,1685205466
448,stawell,-37.05,142.7667,9.3,85,100,4.84,AU,1685205466
449,annan,54.9884,-3.2565,18.71,74,99,4.59,GB,1685205466
450,manado,1.487,124.8455,25.43,88,20,1.54,ID,1685205467
451,zakynthos,37.7914,20.8953,27.62,39,20,2.57,GR,1685205467
452,selizharovo,56.8519,33.4487,10.85,56,47,4.56,RU,1685205467
453,villa gesell,-37.2639,-56.973,11.79,52,25,8.89,AR,1685205467
454,rabo de peixe,37.8,-25.5833,18.73,63,75,6.69,PT,1685205467
455,polokwane,-23.9045,29.4688,15.47,72,100,4.12,ZA,1685205467
456,khanty-mansiysk,61.0042,69.0019,14.06,88,20,4.0,RU,1685205467
457,lucas,41.6501,-83.6666,24.52,44,0,3.6,US,1685205468
458,isperih,43.7167,26.8333,15.77,91,99,2.64,BG,1685205468
459,les cayes,18.2,-73.75,30.15,65,97,5.91,HT,1685205468
460,dunedin,-45.8742,170.5036,11.0,74,1,3.13,NZ,1685205468
461,kotido,2.9806,34.1331,24.95,47,87,4.57,UG,1685205468
462,sierra grande,-41.606,-65.3557,8.83,23,0,4.92,AR,1685205468
463,luanco,43.6152,-5.7934,22.48,83,56,3.5,ES,1685205469
464,valdivia,-39.8142,-73.2459,6.05,65,42,1.89,CL,1685205469
465,murghob,38.1702,73.9667,2.84,25,36,2.52,TJ,1685205469
466,beloyarskiy,63.7119,66.6722,17.45,80,83,4.49,RU,1685205469
467,byureghavan,40.3149,44.594,14.56,74,75,3.65,AM,1685205469
468,armacao de buzios,-22.7469,-41.8817,29.03,72,10,5.75,BR,1685205365
469,buka,40.8108,69.1986,22.4,23,0,2.9,UZ,1685205470
470,kalmunai,7.4167,81.8167,28.57,78,8,1.4,LK,1685205470
471,bel ombre,-4.6167,55.4167,27.91,69,20,6.69,SC,1685205470
472,peace river,56.2501,-117.286,19.17,63,75,2.57,CA,1685205470
473,wangaratta,-36.3667,146.3333,8.04,92,100,1.38,AU,1685205470
474,luwingu,-10.2621,29.9271,17.13,57,48,1.56,ZM,1685205470
475,macapa,0.0389,-51.0664,28.99,79,75,2.06,BR,1685205470
476,san andres,12.5847,-81.7006,32.01,62,20,3.09,CO,1685205471
477,pitimbu,-7.4706,-34.8086,30.33,67,75,4.43,BR,1685205471
478,severo-yeniseyskiy,60.3725,93.0408,1.94,85,80,1.62,RU,1685205471
479,az zuwaytinah,30.9522,20.1202,20.49,70,35,8.69,LY,1685205471
480,ibarreta,-25.2144,-59.8585,27.46,68,100,3.01,AR,1685205471
481,umm as sahik,26.6536,49.9164,36.1,45,0,3.37,SA,1685205471
482,afaahiti,-17.75,-149.2833,23.93,73,72,9.26,PF,1685205471
483,saint-felix-de-valois,46.1668,-73.4324,23.36,41,19,4.47,CA,1685205472
484,saldanha,-33.0117,17.9442,13.03,65,0,4.45,ZA,1685205472
485,kulpahar,25.3167,79.65,33.26,35,31,2.52,IN,1685205472
486,coari,-4.085,-63.1414,32.74,53,76,2.12,BR,1685205472
487,mahina,-17.5065,-149.489,24.87,78,20,2.57,PF,1685205472
488,fort bragg,35.139,-79.006,14.9,93,100,8.23,US,1685205283
489,los altos,37.3852,-122.1141,18.59,70,100,3.6,US,1685205472
490,sweetwater,25.7634,-80.3731,30.01,70,40,4.12,US,1685205354
491,jaen,38.0,-3.5,17.17,83,100,2.51,ES,1685205473
492,bella vista,36.4295,-94.2316,25.29,44,0,2.57,US,1685205241
493,salym,60.0625,71.4789,10.24,89,88,1.45,RU,1685205473
494,prince rupert,54.3161,-130.3201,10.83,77,0,3.09,CA,1685205320
495,oriximina,-1.7656,-55.8661,32.29,53,100,2.58,BR,1685205473
496,ancud,-41.8697,-73.8203,7.62,65,2,3.25,CL,1685205473
497,nazare,-13.035,-39.0144,26.16,78,59,3.63,BR,1685205474
498,igreja,15.0333,-24.3333,23.54,80,100,5.87,CV,1685205474
499,beau vallon,-20.4189,57.6953,24.13,83,75,2.57,MU,1685205474
500,leova,46.4786,28.2553,18.41,80,100,2.2,MD,1685205474
501,tambacounda,13.7539,-13.7586,43.03,19,91,3.09,SN,1685205474
502,polyarnyy,69.1989,33.4478,8.01,45,100,1.44,RU,1685205474
503,kayangel,8.0823,134.7173,28.47,81,100,11.02,PW,1685205474
504,cidade velha,14.9167,-23.6167,28.26,51,75,10.29,CV,1685205475
505,fort-shevchenko,44.5086,50.263,26.34,36,77,9.12,KZ,1685205475
506,goundi,9.3627,17.366,32.14,46,33,2.59,TD,1685205475
507,kiama,-34.6833,150.8667,9.21,68,0,3.58,AU,1685205475
508,jalai nur,49.45,117.7,7.77,56,2,3.7,CN,1685205475
509,porbandar,21.6422,69.6093,28.26,85,3,7.12,IN,1685205475
510,el calafate,-50.3408,-72.2768,2.55,67,100,4.05,AR,1685205475
511,al hazm,16.1641,44.7769,27.91,45,94,5.42,YE,1685205476
512,prince albert,53.2001,-105.7677,12.97,88,100,6.69,CA,1685205476
513,ar rutbah,33.0381,40.2848,31.03,13,62,2.24,IQ,1685205476
514,vernon,50.2581,-119.2691,21.63,49,32,1.54,CA,1685205476
515,ribas do rio pardo,-20.4431,-53.7592,29.49,45,95,2.42,BR,1685205215
516,maralal,1.0968,36.698,16.3,69,97,4.96,KE,1685205476
517,leninsk-kuznetsky,54.6567,86.1737,7.72,83,43,4.45,RU,1685205476
518,waddan,29.1614,16.139,26.5,28,3,8.25,LY,1685205476
519,talakan,50.3167,130.3667,7.03,94,99,2.59,RU,1685205477
520,san luis de la loma,17.2706,-100.8939,32.23,54,28,3.97,MX,1685205477
521,labytnangi,66.6572,66.4183,13.48,63,100,8.38,RU,1685205477
522,mhamid,29.82,-5.72,30.39,12,16,9.96,MA,1685205477
523,kralendijk,12.15,-68.2667,31.99,62,40,7.2,BQ,1685205477
524,igarka,67.4667,86.5833,7.96,86,9,4.53,RU,1685205477
525,siwa oasis,29.2041,25.5195,29.37,27,3,8.48,EG,1685205478
526,peterhead,57.5058,-1.7981,18.22,80,66,8.33,GB,1685205478
527,ulsteinvik,62.3432,5.8487,11.1,86,100,9.39,NO,1685205478
528,guiuan,11.0333,125.7247,28.11,79,100,6.68,PH,1685205478
529,isangel,-19.55,169.2667,22.9,78,64,2.03,VU,1685205478
530,okha,53.5739,142.9478,0.32,95,100,5.58,RU,1685205478
531,gao,16.6362,1.637,42.03,8,66,7.41,ML,1685205478
532,bonthe,7.5264,-12.505,29.38,74,91,5.39,SL,1685205479
533,didim,37.3756,27.2678,25.78,71,96,6.07,TR,1685205479
534,quellon,-43.1167,-73.6167,7.14,70,40,2.06,CL,1685205479
535,salekhard,66.53,66.6019,13.85,74,100,8.11,RU,1685205479
536,north platte,41.1239,-100.7654,20.62,79,100,8.49,US,1685205262
537,inhambane,-23.865,35.3833,22.99,68,40,0.0,MZ,1685205479
538,qarqaraly,49.4058,75.4742,8.44,43,54,4.32,KZ,1685205479
539,enewetak,11.3474,162.3373,27.71,79,97,7.42,MH,1685205479
540,bechar,31.6167,-2.2167,30.18,14,20,3.09,DZ,1685205480
541,ada,43.4166,-116.1262,18.49,59,0,1.54,US,1685205480
542,qalat,32.1058,66.9083,26.14,10,100,4.49,AF,1685205480
543,dalbandin,28.8947,64.4101,33.73,14,93,6.95,PK,1685205480
544,guanica,17.9716,-66.908,32.61,70,30,6.46,PR,1685205480
545,mindelo,16.8901,-24.9804,26.75,61,75,11.32,CV,1685205480
546,kapa'a,22.0752,-159.319,21.18,82,20,2.57,US,1685205480
547,makokou,0.5738,12.8642,24.19,96,100,1.16,GA,1685205481
548,kiruna,67.8557,20.2251,4.51,75,100,7.2,SE,1685205481
549,raja,8.4596,25.678,27.83,60,95,3.36,SS,1685205481
550,vanino,49.0869,140.2543,8.58,76,74,1.49,RU,1685205481
551,gilgit,35.9221,74.3087,16.93,47,16,1.07,PK,1685205481
552,taiyuan,37.8694,112.5603,14.92,82,100,2.0,CN,1685205481
553,yallahs,17.8748,-76.5624,31.01,71,87,3.86,JM,1685205481
554,itaituba,-4.2761,-55.9836,34.09,55,40,3.6,BR,1685205482
555,pinjaur,30.7972,76.9172,24.92,52,41,2.96,IN,1685205482
556,vengerovo,55.6848,76.7471,10.06,51,1,2.76,RU,1685205482
557,meybod,32.2501,54.0166,31.01,20,0,0.07,IR,1685205482
558,wanning,18.8003,110.3967,26.67,88,16,1.35,CN,1685205482
559,nguruka,-5.1092,31.0419,21.17,63,43,1.63,TZ,1685205483
560,wendouree,-37.55,143.8333,8.04,95,93,1.79,AU,1685205483
561,puerto baquerizo moreno,-0.9,-89.6,28.55,79,40,7.2,EC,1685205483
562,botad,22.1667,71.6667,31.31,54,1,8.56,IN,1685205478
563,san angelo,31.4638,-100.437,26.73,63,75,5.66,US,1685205483
564,yozgat,39.5833,35.3333,17.36,53,69,2.28,TR,1685205306
565,brookings,44.3114,-96.7984,24.14,30,0,7.2,US,1685205483
566,taunggyi,20.7833,97.0333,19.85,58,6,1.46,MM,1685205484
567,lycksele,64.5954,18.6735,12.93,50,75,4.63,SE,1685205484
568,yaren,-0.5472,166.916,28.6,75,17,3.21,NR,1685205484
569,sanshui,23.1549,112.8916,28.99,20,4,2.35,CN,1685205484
570,tadine,-21.55,167.8833,22.65,69,37,2.8,NC,1685205484
571,yung shue wan,22.2333,114.1167,28.65,81,17,5.39,HK,1685205485
572,shagonar,51.5333,92.8,8.34,49,95,2.37,RU,1685205485
573,vredendal,-31.6683,18.5012,12.37,58,0,4.27,ZA,1685205485
574,almagro,38.8894,-3.7113,15.41,95,75,4.63,ES,1685205485
575,panaba,21.2833,-88.2667,34.18,33,2,2.05,MX,1685205485
576,kokshetau,53.2775,69.3883,16.56,36,79,2.54,KZ,1685205485
577,rabigh,22.7986,39.0349,30.72,60,0,1.21,SA,1685205486
578,gabrovo,42.8747,25.3342,15.71,83,96,1.16,BG,1685205486
579,el nido,11.1858,119.3956,27.89,81,91,5.0,PH,1685205486
580,sodankyla,67.4167,26.6,9.81,37,76,4.9,FI,1685205486
581,hasaki,35.7333,140.8333,17.9,71,97,5.44,JP,1685205486
582,thinadhoo,0.5333,72.9333,28.85,73,100,2.64,MV,1685205486
583,castillos,-34.1667,-53.8333,17.09,43,47,6.88,UY,1685205267
584,kataba,13.9833,44.3833,19.78,72,36,1.6,YE,1685205487
